All calculations;C 2-29 MT ind;C 2-29 MT ind;C 2-29 MT ind;C 2-29 MT ind;N28\N28;N29\N29 DG
"Time in s";"u1, Magnitude in p.u.";"Positive-Sequence Current, Magnitude in kA";"Total Active Power in MW";"Total Reactive Power in Mvar";"u1, Magnitude in p.u.";"u1, Magnitude in p.u."
-0.100000;1.145266;0.001227;0.043400;0.022009;1.136041;1.145266
-0.090000;1.145266;0.001227;0.043400;0.022009;1.136041;1.145266
-0.080000;1.145266;0.001227;0.043400;0.022009;1.136041;1.145266
-0.070000;1.145266;0.001227;0.043400;0.022009;1.136041;1.145266
-0.060000;1.145266;0.001227;0.043400;0.022009;1.136041;1.145266
-0.050000;1.145266;0.001227;0.043400;0.022009;1.136041;1.145266
-0.040000;1.145266;0.001227;0.043400;0.022009;1.136041;1.145266
-0.030000;1.145266;0.001227;0.043400;0.022009;1.136041;1.145266
-0.020000;1.145266;0.001227;0.043400;0.022009;1.136041;1.145266
-0.010000;1.145266;0.001227;0.043400;0.022009;1.136041;1.145266
0.000000;1.145266;0.001227;0.043400;0.022009;1.136041;1.145266
0.005000;1.145024;0.001558;0.043382;0.044000;1.135812;1.145024
0.011667;1.145024;0.001558;0.043382;0.044000;1.135812;1.145024
0.021667;1.145024;0.001558;0.043382;0.044000;1.135812;1.145024
0.031667;1.145024;0.001558;0.043382;0.044000;1.135812;1.145024
0.041667;1.145024;0.001558;0.043382;0.044000;1.135812;1.145024
0.051667;1.145024;0.001558;0.043382;0.044000;1.135812;1.145024
0.061667;1.145024;0.001558;0.043382;0.044000;1.135812;1.145024
0.071667;1.145024;0.001558;0.043382;0.044000;1.135812;1.145024
0.081667;1.145024;0.001558;0.043382;0.044000;1.135812;1.145024
0.091667;1.145024;0.001558;0.043382;0.044000;1.135812;1.145024
0.101667;1.145024;0.001558;0.043382;0.044000;1.135812;1.145024
0.111667;1.145024;0.001558;0.043382;0.044000;1.135812;1.145024
0.121667;1.145024;0.001558;0.043382;0.044000;1.135812;1.145024
0.131667;1.145024;0.001558;0.043382;0.044000;1.135812;1.145024
0.141667;1.145024;0.001558;0.043382;0.044000;1.135812;1.145024
0.151667;1.145024;0.001558;0.043382;0.044000;1.135812;1.145024
0.161667;1.145024;0.001558;0.043382;0.044000;1.135812;1.145024
0.171667;1.145024;0.001558;0.043382;0.044000;1.135812;1.145024
0.181667;1.145024;0.001558;0.043382;0.044000;1.135812;1.145024
0.191667;1.145024;0.001558;0.043382;0.044000;1.135812;1.145024
0.201667;1.145024;0.001558;0.043382;0.044000;1.135812;1.145024
0.211667;1.145024;0.001558;0.043382;0.044000;1.135812;1.145024
0.221667;1.145024;0.001558;0.043382;0.044000;1.135812;1.145024
0.230000;1.145024;0.001558;0.043382;0.044000;1.135812;1.145024
0.235000;1.145266;0.001227;0.043400;0.022009;1.136041;1.145266
0.241667;1.145266;0.001227;0.043400;0.022009;1.136041;1.145266
0.251667;1.145266;0.001227;0.043400;0.022009;1.136041;1.145266
0.261667;1.145266;0.001227;0.043400;0.022009;1.136041;1.145266
0.271667;1.145266;0.001227;0.043400;0.022009;1.136041;1.145266
0.281667;1.145266;0.001227;0.043400;0.022009;1.136041;1.145266
0.291667;1.145266;0.001227;0.043400;0.022009;1.136041;1.145266
0.301667;1.145266;0.001227;0.043400;0.022009;1.136041;1.145266
0.311667;1.145266;0.001227;0.043400;0.022009;1.136041;1.145266
0.321667;1.145266;0.001227;0.043400;0.022009;1.136041;1.145266
0.331667;1.145266;0.001227;0.043400;0.022009;1.136041;1.145266
0.341667;1.145266;0.001227;0.043400;0.022009;1.136041;1.145266
0.351667;1.145266;0.001227;0.043400;0.022009;1.136041;1.145266
0.361667;1.145266;0.001227;0.043400;0.022009;1.136041;1.145266
0.371667;1.145266;0.001227;0.043400;0.022009;1.136041;1.145266
0.381667;1.145266;0.001227;0.043400;0.022009;1.136041;1.145266
0.391667;1.145266;0.001227;0.043400;0.022009;1.136041;1.145266
0.401667;1.145266;0.001227;0.043400;0.022009;1.136041;1.145266
0.411667;1.145266;0.001227;0.043400;0.022009;1.136041;1.145266
0.421667;1.145266;0.001227;0.043400;0.022009;1.136041;1.145266
0.431667;1.145266;0.001227;0.043400;0.022009;1.136041;1.145266
0.441667;1.145266;0.001227;0.043400;0.022009;1.136041;1.145266
0.451667;1.145266;0.001227;0.043400;0.022009;1.136041;1.145266
0.461667;1.145266;0.001227;0.043400;0.022009;1.136041;1.145266
0.471667;1.145266;0.001227;0.043400;0.022009;1.136041;1.145266
0.481667;1.145266;0.001227;0.043400;0.022009;1.136041;1.145266
0.491667;1.145266;0.001227;0.043400;0.022009;1.136041;1.145266
0.501667;1.145266;0.001227;0.043400;0.022009;1.136041;1.145266
0.511667;1.145266;0.001227;0.043400;0.022009;1.136041;1.145266
0.521667;1.145266;0.001227;0.043400;0.022009;1.136041;1.145266
0.531667;1.145266;0.001227;0.043400;0.022009;1.136041;1.145266
0.541667;1.145266;0.001227;0.043400;0.022009;1.136041;1.145266
0.551667;1.145266;0.001227;0.043400;0.022009;1.136041;1.145266
0.561667;1.145266;0.001227;0.043400;0.022009;1.136041;1.145266
0.571667;1.145266;0.001227;0.043400;0.022009;1.136041;1.145266
0.581667;1.145266;0.001227;0.043400;0.022009;1.136041;1.145266
0.591667;1.145266;0.001227;0.043400;0.022009;1.136041;1.145266
0.601667;1.145266;0.001227;0.043400;0.022009;1.136041;1.145266
0.611667;1.145266;0.001227;0.043400;0.022009;1.136041;1.145266
0.621667;1.145266;0.001227;0.043400;0.022009;1.136041;1.145266
0.631667;1.145266;0.001227;0.043400;0.022009;1.136041;1.145266
0.641667;1.145266;0.001227;0.043400;0.022009;1.136041;1.145266
0.651667;1.145266;0.001227;0.043400;0.022009;1.136041;1.145266
0.661667;1.145266;0.001227;0.043400;0.022009;1.136041;1.145266
0.671667;1.145266;0.001227;0.043400;0.022009;1.136041;1.145266
0.681667;1.145266;0.001227;0.043400;0.022009;1.136041;1.145266
0.691667;1.145266;0.001227;0.043400;0.022009;1.136041;1.145266
0.701667;1.145266;0.001227;0.043400;0.022009;1.136041;1.145266
0.711667;1.145266;0.001227;0.043400;0.022009;1.136041;1.145266
0.721667;1.145266;0.001227;0.043400;0.022009;1.136041;1.145266
0.731667;1.145266;0.001227;0.043400;0.022009;1.136041;1.145266
0.741667;1.145266;0.001227;0.043400;0.022009;1.136041;1.145266
0.751667;1.145266;0.001227;0.043400;0.022009;1.136041;1.145266
0.761667;1.145266;0.001227;0.043400;0.022009;1.136041;1.145266
0.771667;1.145266;0.001227;0.043400;0.022009;1.136041;1.145266
0.781667;1.145266;0.001227;0.043400;0.022009;1.136041;1.145266
0.791667;1.145266;0.001227;0.043400;0.022009;1.136041;1.145266
0.801667;1.145266;0.001227;0.043400;0.022009;1.136041;1.145266
0.811667;1.145266;0.001227;0.043400;0.022009;1.136041;1.145266
0.821667;1.145266;0.001227;0.043400;0.022009;1.136041;1.145266
0.831667;1.145266;0.001227;0.043400;0.022009;1.136041;1.145266
0.841667;1.145266;0.001227;0.043400;0.022009;1.136041;1.145266
0.851667;1.145266;0.001227;0.043400;0.022009;1.136041;1.145266
0.861667;1.145266;0.001227;0.043400;0.022009;1.136041;1.145266
0.871667;1.145266;0.001227;0.043400;0.022009;1.136041;1.145266
0.881667;1.145266;0.001227;0.043400;0.022009;1.136041;1.145266
0.891667;1.145266;0.001227;0.043400;0.022009;1.136041;1.145266
0.901667;1.145266;0.001227;0.043400;0.022009;1.136041;1.145266
0.911667;1.145266;0.001227;0.043400;0.022009;1.136041;1.145266
0.921667;1.145266;0.001227;0.043400;0.022009;1.136041;1.145266
0.931667;1.145266;0.001227;0.043400;0.022009;1.136041;1.145266
0.941667;1.145266;0.001227;0.043400;0.022009;1.136041;1.145266
0.951667;1.145266;0.001227;0.043400;0.022009;1.136041;1.145266
0.961667;1.145266;0.001227;0.043400;0.022009;1.136041;1.145266
0.971667;1.145266;0.001227;0.043400;0.022009;1.136041;1.145266
0.981667;1.145266;0.001227;0.043400;0.022009;1.136041;1.145266
0.991667;1.145266;0.001227;0.043400;0.022009;1.136041;1.145266
1.001667;1.145266;0.001227;0.043400;0.022009;1.136041;1.145266
1.011667;1.145266;0.001227;0.043400;0.022009;1.136041;1.145266
1.021667;1.145266;0.001227;0.043400;0.022009;1.136041;1.145266
1.031667;1.145266;0.001227;0.043400;0.022009;1.136041;1.145266
1.041667;1.145266;0.001227;0.043400;0.022009;1.136041;1.145266
1.051667;1.145266;0.001227;0.043400;0.022009;1.136041;1.145266
1.061667;1.145266;0.001227;0.043400;0.022009;1.136041;1.145266
1.071667;1.145266;0.001227;0.043400;0.022009;1.136041;1.145266
1.081667;1.145266;0.001227;0.043400;0.022009;1.136041;1.145266
1.091667;1.145266;0.001227;0.043400;0.022009;1.136041;1.145266
1.101667;1.145266;0.001227;0.043400;0.022009;1.136041;1.145266
1.111667;1.145266;0.001227;0.043400;0.022009;1.136041;1.145266
1.121667;1.145266;0.001227;0.043400;0.022009;1.136041;1.145266
1.131667;1.145266;0.001227;0.043400;0.022009;1.136041;1.145266
1.141667;1.145266;0.001227;0.043400;0.022009;1.136041;1.145266
1.151667;1.145266;0.001227;0.043400;0.022009;1.136041;1.145266
1.161667;1.145266;0.001227;0.043400;0.022009;1.136041;1.145266
1.171667;1.145266;0.001227;0.043400;0.022009;1.136041;1.145266
1.181667;1.145266;0.001227;0.043400;0.022009;1.136041;1.145266
1.191667;1.145266;0.001227;0.043400;0.022009;1.136041;1.145266
1.201667;1.145266;0.001227;0.043400;0.022009;1.136041;1.145266
1.211667;1.145266;0.001227;0.043400;0.022009;1.136041;1.145266
1.221667;1.145266;0.001227;0.043400;0.022009;1.136041;1.145266
1.231667;1.145266;0.001227;0.043400;0.022009;1.136041;1.145266
1.241667;1.145266;0.001227;0.043400;0.022009;1.136041;1.145266
1.251667;1.145266;0.001227;0.043400;0.022009;1.136041;1.145266
1.261667;1.145266;0.001227;0.043400;0.022009;1.136041;1.145266
1.271667;1.145266;0.001227;0.043400;0.022009;1.136041;1.145266
1.281667;1.145266;0.001227;0.043400;0.022009;1.136041;1.145266
1.291667;1.145266;0.001227;0.043400;0.022009;1.136041;1.145266
1.301667;1.145266;0.001227;0.043400;0.022009;1.136041;1.145266
1.311667;1.145266;0.001227;0.043400;0.022009;1.136041;1.145266
1.321667;1.145266;0.001227;0.043400;0.022009;1.136041;1.145266
1.331667;1.145266;0.001227;0.043400;0.022009;1.136041;1.145266
1.341667;1.145266;0.001227;0.043400;0.022009;1.136041;1.145266
1.351667;1.145266;0.001227;0.043400;0.022009;1.136041;1.145266
1.361667;1.145266;0.001227;0.043400;0.022009;1.136041;1.145266
1.371667;1.145266;0.001227;0.043400;0.022009;1.136041;1.145266
1.381667;1.145266;0.001227;0.043400;0.022009;1.136041;1.145266
1.391667;1.145266;0.001227;0.043400;0.022009;1.136041;1.145266
1.401667;1.145266;0.001227;0.043400;0.022009;1.136041;1.145266
1.411667;1.145266;0.001227;0.043400;0.022009;1.136041;1.145266
1.421667;1.145266;0.001227;0.043400;0.022009;1.136041;1.145266
1.431667;1.145266;0.001227;0.043400;0.022009;1.136041;1.145266
1.441667;1.145266;0.001227;0.043400;0.022009;1.136041;1.145266
1.451667;1.145266;0.001227;0.043400;0.022009;1.136041;1.145266
1.461667;1.145266;0.001227;0.043400;0.022009;1.136041;1.145266
1.471667;1.145266;0.001227;0.043400;0.022009;1.136041;1.145266
1.481667;1.145266;0.001227;0.043400;0.022009;1.136041;1.145266
1.491667;1.145266;0.001227;0.043400;0.022009;1.136041;1.145266
1.501667;1.145266;0.001227;0.043400;0.022009;1.136041;1.145266
1.511667;1.145266;0.001227;0.043400;0.022009;1.136041;1.145266
1.521667;1.145266;0.001227;0.043400;0.022009;1.136041;1.145266
1.531667;1.145266;0.001227;0.043400;0.022009;1.136041;1.145266
1.541667;1.145266;0.001227;0.043400;0.022009;1.136041;1.145266
1.551667;1.145266;0.001227;0.043400;0.022009;1.136041;1.145266
1.561667;1.145266;0.001227;0.043400;0.022009;1.136041;1.145266
1.571667;1.145266;0.001227;0.043400;0.022009;1.136041;1.145266
1.581667;1.145266;0.001227;0.043400;0.022009;1.136041;1.145266
1.591667;1.145266;0.001227;0.043400;0.022009;1.136041;1.145266
1.601667;1.145266;0.001227;0.043400;0.022009;1.136041;1.145266
1.611667;1.145266;0.001227;0.043400;0.022009;1.136041;1.145266
1.621667;1.145266;0.001227;0.043400;0.022009;1.136041;1.145266
1.631667;1.145266;0.001227;0.043400;0.022009;1.136041;1.145266
1.641667;1.145266;0.001227;0.043400;0.022009;1.136041;1.145266
1.651667;1.145266;0.001227;0.043400;0.022009;1.136041;1.145266
1.661667;1.145266;0.001227;0.043400;0.022009;1.136041;1.145266
1.671667;1.145266;0.001227;0.043400;0.022009;1.136041;1.145266
1.681667;1.145266;0.001227;0.043400;0.022009;1.136041;1.145266
1.691667;1.145266;0.001227;0.043400;0.022009;1.136041;1.145266
1.701667;1.145266;0.001227;0.043400;0.022009;1.136041;1.145266
1.711667;1.145266;0.001227;0.043400;0.022009;1.136041;1.145266
1.721667;1.145266;0.001227;0.043400;0.022009;1.136041;1.145266
1.731667;1.145266;0.001227;0.043400;0.022009;1.136041;1.145266
1.741667;1.145266;0.001227;0.043400;0.022009;1.136041;1.145266
1.751667;1.145266;0.001227;0.043400;0.022009;1.136041;1.145266
1.761667;1.145266;0.001227;0.043400;0.022009;1.136041;1.145266
1.771667;1.145266;0.001227;0.043400;0.022009;1.136041;1.145266
1.781667;1.145266;0.001227;0.043400;0.022009;1.136041;1.145266
1.791667;1.145266;0.001227;0.043400;0.022009;1.136041;1.145266
1.801667;1.145266;0.001227;0.043400;0.022009;1.136041;1.145266
1.811667;1.145266;0.001227;0.043400;0.022009;1.136041;1.145266
1.821667;1.145266;0.001227;0.043400;0.022009;1.136041;1.145266
1.831667;1.145266;0.001227;0.043400;0.022009;1.136041;1.145266
1.841667;1.145266;0.001227;0.043400;0.022009;1.136041;1.145266
1.851667;1.145266;0.001227;0.043400;0.022009;1.136041;1.145266
1.861667;1.145266;0.001227;0.043400;0.022009;1.136041;1.145266
1.871667;1.145266;0.001227;0.043400;0.022009;1.136041;1.145266
1.881667;1.145266;0.001227;0.043400;0.022009;1.136041;1.145266
1.891667;1.145266;0.001227;0.043400;0.022009;1.136041;1.145266
1.901667;1.145266;0.001227;0.043400;0.022009;1.136041;1.145266
1.911667;1.145266;0.001227;0.043400;0.022009;1.136041;1.145266
1.921667;1.145266;0.001227;0.043400;0.022009;1.136041;1.145266
1.931667;1.145266;0.001227;0.043400;0.022009;1.136041;1.145266
1.941667;1.145266;0.001227;0.043400;0.022009;1.136041;1.145266
1.951667;1.145266;0.001227;0.043400;0.022009;1.136041;1.145266
1.961667;1.145266;0.001227;0.043400;0.022009;1.136041;1.145266
1.971667;1.145266;0.001227;0.043400;0.022009;1.136041;1.145266
1.981667;1.145266;0.001227;0.043400;0.022009;1.136041;1.145266
1.991667;1.145266;0.001227;0.043400;0.022009;1.136041;1.145266
2.001667;1.145266;0.001227;0.043400;0.022009;1.136041;1.145266
2.011667;1.145266;0.001227;0.043400;0.022009;1.136041;1.145266
2.021667;1.145266;0.001227;0.043400;0.022009;1.136041;1.145266
2.031667;1.145266;0.001227;0.043400;0.022009;1.136041;1.145266
2.041667;1.145266;0.001227;0.043400;0.022009;1.136041;1.145266
2.051667;1.145266;0.001227;0.043400;0.022009;1.136041;1.145266
2.061667;1.145266;0.001227;0.043400;0.022009;1.136041;1.145266
2.071667;1.145266;0.001227;0.043400;0.022009;1.136041;1.145266
2.081667;1.145266;0.001227;0.043400;0.022009;1.136041;1.145266
2.091667;1.145266;0.001227;0.043400;0.022009;1.136041;1.145266
2.101667;1.145266;0.001227;0.043400;0.022009;1.136041;1.145266
2.111667;1.145266;0.001227;0.043400;0.022009;1.136041;1.145266
2.121667;1.145266;0.001227;0.043400;0.022009;1.136041;1.145266
2.131667;1.145266;0.001227;0.043400;0.022009;1.136041;1.145266
2.141667;1.145266;0.001227;0.043400;0.022009;1.136041;1.145266
2.151667;1.145266;0.001227;0.043400;0.022009;1.136041;1.145266
2.161667;1.145266;0.001227;0.043400;0.022009;1.136041;1.145266
2.171667;1.145266;0.001227;0.043400;0.022009;1.136041;1.145266
2.181667;1.145266;0.001227;0.043400;0.022009;1.136041;1.145266
2.191667;1.145266;0.001227;0.043400;0.022009;1.136041;1.145266
2.201667;1.145266;0.001227;0.043400;0.022009;1.136041;1.145266
2.211667;1.145266;0.001227;0.043400;0.022009;1.136041;1.145266
2.221667;1.145266;0.001227;0.043400;0.022009;1.136041;1.145266
2.231667;1.145266;0.001227;0.043400;0.022009;1.136041;1.145266
2.241667;1.145266;0.001227;0.043400;0.022009;1.136041;1.145266
2.251667;1.145266;0.001227;0.043400;0.022009;1.136041;1.145266
2.261667;1.145266;0.001227;0.043400;0.022009;1.136041;1.145266
2.271667;1.145266;0.001227;0.043400;0.022009;1.136041;1.145266
2.281667;1.145266;0.001227;0.043400;0.022009;1.136041;1.145266
2.291667;1.145266;0.001227;0.043400;0.022009;1.136041;1.145266
2.301667;1.145266;0.001227;0.043400;0.022009;1.136041;1.145266
2.311667;1.145266;0.001227;0.043400;0.022009;1.136041;1.145266
2.321667;1.145266;0.001227;0.043400;0.022009;1.136041;1.145266
2.331667;1.145266;0.001227;0.043400;0.022009;1.136041;1.145266
2.341667;1.145266;0.001227;0.043400;0.022009;1.136041;1.145266
2.351667;1.145266;0.001227;0.043400;0.022009;1.136041;1.145266
2.361667;1.145266;0.001227;0.043400;0.022009;1.136041;1.145266
2.371667;1.145266;0.001227;0.043400;0.022009;1.136041;1.145266
2.381667;1.145266;0.001227;0.043400;0.022009;1.136041;1.145266
2.391667;1.145266;0.001227;0.043400;0.022009;1.136041;1.145266
2.401667;1.145266;0.001227;0.043400;0.022009;1.136041;1.145266
2.411667;1.145266;0.001227;0.043400;0.022009;1.136041;1.145266
2.421667;1.145266;0.001227;0.043400;0.022009;1.136041;1.145266
2.431667;1.145266;0.001227;0.043400;0.022009;1.136041;1.145266
2.441667;1.145266;0.001227;0.043400;0.022009;1.136041;1.145266
2.451667;1.145266;0.001227;0.043400;0.022009;1.136041;1.145266
2.461667;1.145266;0.001227;0.043400;0.022009;1.136041;1.145266
2.471667;1.145266;0.001227;0.043400;0.022009;1.136041;1.145266
2.481667;1.145266;0.001227;0.043400;0.022009;1.136041;1.145266
2.491667;1.145266;0.001227;0.043400;0.022009;1.136041;1.145266
2.501667;1.145266;0.001227;0.043400;0.022009;1.136041;1.145266
2.511667;1.145266;0.001227;0.043400;0.022009;1.136041;1.145266
2.521667;1.145266;0.001227;0.043400;0.022009;1.136041;1.145266
2.531667;1.145266;0.001227;0.043400;0.022009;1.136041;1.145266
2.541667;1.145266;0.001227;0.043400;0.022009;1.136041;1.145266
2.551667;1.145266;0.001227;0.043400;0.022009;1.136041;1.145266
2.561667;1.145266;0.001227;0.043400;0.022009;1.136041;1.145266
2.571667;1.145266;0.001227;0.043400;0.022009;1.136041;1.145266
2.581667;1.145266;0.001227;0.043400;0.022009;1.136041;1.145266
2.591667;1.145266;0.001227;0.043400;0.022009;1.136041;1.145266
2.601667;1.145266;0.001227;0.043400;0.022009;1.136041;1.145266
2.611667;1.145266;0.001227;0.043400;0.022009;1.136041;1.145266
2.621667;1.145266;0.001227;0.043400;0.022009;1.136041;1.145266
2.631667;1.145266;0.001227;0.043400;0.022009;1.136041;1.145266
2.641667;1.145266;0.001227;0.043400;0.022009;1.136041;1.145266
2.651667;1.145266;0.001227;0.043400;0.022009;1.136041;1.145266
2.661667;1.145266;0.001227;0.043400;0.022009;1.136041;1.145266
2.671667;1.145266;0.001227;0.043400;0.022009;1.136041;1.145266
2.681667;1.145266;0.001227;0.043400;0.022009;1.136041;1.145266
2.691667;1.145266;0.001227;0.043400;0.022009;1.136041;1.145266
2.701667;1.145266;0.001227;0.043400;0.022009;1.136041;1.145266
2.711667;1.145266;0.001227;0.043400;0.022009;1.136041;1.145266
2.721667;1.145266;0.001227;0.043400;0.022009;1.136041;1.145266
2.731667;1.145266;0.001227;0.043400;0.022009;1.136041;1.145266
2.741667;1.145266;0.001227;0.043400;0.022009;1.136041;1.145266
2.751667;1.145266;0.001227;0.043400;0.022009;1.136041;1.145266
2.761667;1.145266;0.001227;0.043400;0.022009;1.136041;1.145266
2.771667;1.145266;0.001227;0.043400;0.022009;1.136041;1.145266
2.781667;1.145266;0.001227;0.043400;0.022009;1.136041;1.145266
2.791667;1.145266;0.001227;0.043400;0.022009;1.136041;1.145266
2.801667;1.145266;0.001227;0.043400;0.022009;1.136041;1.145266
2.811667;1.145266;0.001227;0.043400;0.022009;1.136041;1.145266
2.821667;1.145266;0.001227;0.043400;0.022009;1.136041;1.145266
2.831667;1.145266;0.001227;0.043400;0.022009;1.136041;1.145266
2.841667;1.145266;0.001227;0.043400;0.022009;1.136041;1.145266
2.851667;1.145266;0.001227;0.043400;0.022009;1.136041;1.145266
2.861667;1.145266;0.001227;0.043400;0.022009;1.136041;1.145266
2.871667;1.145266;0.001227;0.043400;0.022009;1.136041;1.145266
2.881667;1.145266;0.001227;0.043400;0.022009;1.136041;1.145266
2.891667;1.145266;0.001227;0.043400;0.022009;1.136041;1.145266
2.901667;1.145266;0.001227;0.043400;0.022009;1.136041;1.145266
2.911667;1.145266;0.001227;0.043400;0.022009;1.136041;1.145266
2.921667;1.145266;0.001227;0.043400;0.022009;1.136041;1.145266
2.931667;1.145266;0.001227;0.043400;0.022009;1.136041;1.145266
2.941667;1.145266;0.001227;0.043400;0.022009;1.136041;1.145266
2.951667;1.145266;0.001227;0.043400;0.022009;1.136041;1.145266
2.961667;1.145266;0.001227;0.043400;0.022009;1.136041;1.145266
2.971667;1.145266;0.001227;0.043400;0.022009;1.136041;1.145266
2.981667;1.145266;0.001227;0.043400;0.022009;1.136041;1.145266
2.991667;1.145266;0.001227;0.043400;0.022009;1.136041;1.145266
3.001667;1.145266;0.001227;0.043400;0.022009;1.136041;1.145266
3.011667;1.145266;0.001227;0.043400;0.022009;1.136041;1.145266
3.021667;1.145266;0.001227;0.043400;0.022009;1.136041;1.145266
3.031667;1.145266;0.001227;0.043400;0.022009;1.136041;1.145266
3.041667;1.145266;0.001227;0.043400;0.022009;1.136041;1.145266
3.051667;1.145266;0.001227;0.043400;0.022009;1.136041;1.145266
3.061667;1.145266;0.001227;0.043400;0.022009;1.136041;1.145266
3.071667;1.145266;0.001227;0.043400;0.022009;1.136041;1.145266
3.081667;1.145266;0.001227;0.043400;0.022009;1.136041;1.145266
3.091667;1.145266;0.001227;0.043400;0.022009;1.136041;1.145266
3.101667;1.145266;0.001227;0.043400;0.022009;1.136041;1.145266
3.111667;1.145266;0.001227;0.043400;0.022009;1.136041;1.145266
3.121667;1.145266;0.001227;0.043400;0.022009;1.136041;1.145266
3.131667;1.145266;0.001227;0.043400;0.022009;1.136041;1.145266
3.141667;1.145266;0.001227;0.043400;0.022009;1.136041;1.145266
3.151667;1.145266;0.001227;0.043400;0.022009;1.136041;1.145266
3.161667;1.145266;0.001227;0.043400;0.022009;1.136041;1.145266
3.171667;1.145266;0.001227;0.043400;0.022009;1.136041;1.145266
3.181667;1.145266;0.001227;0.043400;0.022009;1.136041;1.145266
3.191667;1.145266;0.001227;0.043400;0.022009;1.136041;1.145266
3.201667;1.145266;0.001227;0.043400;0.022009;1.136041;1.145266
3.211667;1.145266;0.001227;0.043400;0.022009;1.136041;1.145266
3.221667;1.145266;0.001227;0.043400;0.022009;1.136041;1.145266
3.231667;1.145266;0.001227;0.043400;0.022009;1.136041;1.145266
3.241667;1.145266;0.001227;0.043400;0.022009;1.136041;1.145266
3.251667;1.145266;0.001227;0.043400;0.022009;1.136041;1.145266
3.261667;1.145266;0.001227;0.043400;0.022009;1.136041;1.145266
3.271667;1.145266;0.001227;0.043400;0.022009;1.136041;1.145266
3.281667;1.145266;0.001227;0.043400;0.022009;1.136041;1.145266
3.291667;1.145266;0.001227;0.043400;0.022009;1.136041;1.145266
3.301667;1.145266;0.001227;0.043400;0.022009;1.136041;1.145266
3.311667;1.145266;0.001227;0.043400;0.022009;1.136041;1.145266
3.321667;1.145266;0.001227;0.043400;0.022009;1.136041;1.145266
3.331667;1.145266;0.001227;0.043400;0.022009;1.136041;1.145266
3.341667;1.145266;0.001227;0.043400;0.022009;1.136041;1.145266
3.351667;1.145266;0.001227;0.043400;0.022009;1.136041;1.145266
3.361667;1.145266;0.001227;0.043400;0.022009;1.136041;1.145266
3.371667;1.145266;0.001227;0.043400;0.022009;1.136041;1.145266
3.381667;1.145266;0.001227;0.043400;0.022009;1.136041;1.145266
3.391667;1.145266;0.001227;0.043400;0.022009;1.136041;1.145266
3.401667;1.145266;0.001227;0.043400;0.022009;1.136041;1.145266
3.411667;1.145266;0.001227;0.043400;0.022009;1.136041;1.145266
3.421667;1.145266;0.001227;0.043400;0.022009;1.136041;1.145266
3.431667;1.145266;0.001227;0.043400;0.022009;1.136041;1.145266
3.441667;1.145266;0.001227;0.043400;0.022009;1.136041;1.145266
3.451667;1.145266;0.001227;0.043400;0.022009;1.136041;1.145266
3.461667;1.145266;0.001227;0.043400;0.022009;1.136041;1.145266
3.471667;1.145266;0.001227;0.043400;0.022009;1.136041;1.145266
3.481667;1.145266;0.001227;0.043400;0.022009;1.136041;1.145266
3.491667;1.145266;0.001227;0.043400;0.022009;1.136041;1.145266
3.501667;1.145266;0.001227;0.043400;0.022009;1.136041;1.145266
3.511667;1.145266;0.001227;0.043400;0.022009;1.136041;1.145266
3.521667;1.145266;0.001227;0.043400;0.022009;1.136041;1.145266
3.531667;1.145266;0.001227;0.043400;0.022009;1.136041;1.145266
3.541667;1.145266;0.001227;0.043400;0.022009;1.136041;1.145266
3.551667;1.145266;0.001227;0.043400;0.022009;1.136041;1.145266
3.561667;1.145266;0.001227;0.043400;0.022009;1.136041;1.145266
3.571667;1.145266;0.001227;0.043400;0.022009;1.136041;1.145266
3.581667;1.145266;0.001227;0.043400;0.022009;1.136041;1.145266
3.591667;1.145266;0.001227;0.043400;0.022009;1.136041;1.145266
3.601667;1.145266;0.001227;0.043400;0.022009;1.136041;1.145266
3.611667;1.145266;0.001227;0.043400;0.022009;1.136041;1.145266
3.621667;1.145266;0.001227;0.043400;0.022009;1.136041;1.145266
3.631667;1.145266;0.001227;0.043400;0.022009;1.136041;1.145266
3.641667;1.145266;0.001227;0.043400;0.022009;1.136041;1.145266
3.651667;1.145266;0.001227;0.043400;0.022009;1.136041;1.145266
3.661667;1.145266;0.001227;0.043400;0.022009;1.136041;1.145266
3.671667;1.145266;0.001227;0.043400;0.022009;1.136041;1.145266
3.681667;1.145266;0.001227;0.043400;0.022009;1.136041;1.145266
3.691667;1.145266;0.001227;0.043400;0.022009;1.136041;1.145266
3.701667;1.145266;0.001227;0.043400;0.022009;1.136041;1.145266
3.711667;1.145266;0.001227;0.043400;0.022009;1.136041;1.145266
3.721667;1.145266;0.001227;0.043400;0.022009;1.136041;1.145266
3.731667;1.145266;0.001227;0.043400;0.022009;1.136041;1.145266
3.741667;1.145266;0.001227;0.043400;0.022009;1.136041;1.145266
3.751667;1.145266;0.001227;0.043400;0.022009;1.136041;1.145266
3.761667;1.145266;0.001227;0.043400;0.022009;1.136041;1.145266
3.771667;1.145266;0.001227;0.043400;0.022009;1.136041;1.145266
3.781667;1.145266;0.001227;0.043400;0.022009;1.136041;1.145266
3.791667;1.145266;0.001227;0.043400;0.022009;1.136041;1.145266
3.801667;1.145266;0.001227;0.043400;0.022009;1.136041;1.145266
3.811667;1.145266;0.001227;0.043400;0.022009;1.136041;1.145266
3.821667;1.145266;0.001227;0.043400;0.022009;1.136041;1.145266
3.831667;1.145266;0.001227;0.043400;0.022009;1.136041;1.145266
3.841667;1.145266;0.001227;0.043400;0.022009;1.136041;1.145266
3.851667;1.145266;0.001227;0.043400;0.022009;1.136041;1.145266
3.861667;1.145266;0.001227;0.043400;0.022009;1.136041;1.145266
3.871667;1.145266;0.001227;0.043400;0.022009;1.136041;1.145266
3.881667;1.145266;0.001227;0.043400;0.022009;1.136041;1.145266
3.891667;1.145266;0.001227;0.043400;0.022009;1.136041;1.145266
3.901667;1.145266;0.001227;0.043400;0.022009;1.136041;1.145266
3.911667;1.145266;0.001227;0.043400;0.022009;1.136041;1.145266
3.921667;1.145266;0.001227;0.043400;0.022009;1.136041;1.145266
3.931667;1.145266;0.001227;0.043400;0.022009;1.136041;1.145266
3.941667;1.145266;0.001227;0.043400;0.022009;1.136041;1.145266
3.951667;1.145266;0.001227;0.043400;0.022009;1.136041;1.145266
3.961667;1.145266;0.001227;0.043400;0.022009;1.136041;1.145266
3.971667;1.145266;0.001227;0.043400;0.022009;1.136041;1.145266
3.981667;1.145266;0.001227;0.043400;0.022009;1.136041;1.145266
3.991667;1.145266;0.001227;0.043400;0.022009;1.136041;1.145266
4.001667;1.145266;0.001227;0.043400;0.022009;1.136041;1.145266
4.011667;1.145266;0.001227;0.043400;0.022009;1.136041;1.145266
4.021667;1.145266;0.001227;0.043400;0.022009;1.136041;1.145266
4.031667;1.145266;0.001227;0.043400;0.022009;1.136041;1.145266
4.041667;1.145266;0.001227;0.043400;0.022009;1.136041;1.145266
4.051667;1.145266;0.001227;0.043400;0.022009;1.136041;1.145266
4.061667;1.145266;0.001227;0.043400;0.022009;1.136041;1.145266
4.071667;1.145266;0.001227;0.043400;0.022009;1.136041;1.145266
4.081667;1.145266;0.001227;0.043400;0.022009;1.136041;1.145266
4.091667;1.145266;0.001227;0.043400;0.022009;1.136041;1.145266
4.101667;1.145266;0.001227;0.043400;0.022009;1.136041;1.145266
4.111667;1.145266;0.001227;0.043400;0.022009;1.136041;1.145266
4.121667;1.145266;0.001227;0.043400;0.022009;1.136041;1.145266
4.131667;1.145266;0.001227;0.043400;0.022009;1.136041;1.145266
4.141667;1.145266;0.001227;0.043400;0.022009;1.136041;1.145266
4.151667;1.145266;0.001227;0.043400;0.022009;1.136041;1.145266
4.161667;1.145266;0.001227;0.043400;0.022009;1.136041;1.145266
4.171667;1.145266;0.001227;0.043400;0.022009;1.136041;1.145266
4.181667;1.145266;0.001227;0.043400;0.022009;1.136041;1.145266
4.191667;1.145266;0.001227;0.043400;0.022009;1.136041;1.145266
4.201667;1.145266;0.001227;0.043400;0.022009;1.136041;1.145266
4.211667;1.145266;0.001227;0.043400;0.022009;1.136041;1.145266
4.221667;1.145266;0.001227;0.043400;0.022009;1.136041;1.145266
4.231667;1.145266;0.001227;0.043400;0.022009;1.136041;1.145266
4.241667;1.145266;0.001227;0.043400;0.022009;1.136041;1.145266
4.251667;1.145266;0.001227;0.043400;0.022009;1.136041;1.145266
4.261667;1.145266;0.001227;0.043400;0.022009;1.136041;1.145266
4.271667;1.145266;0.001227;0.043400;0.022009;1.136041;1.145266
4.281667;1.145266;0.001227;0.043400;0.022009;1.136041;1.145266
4.291667;1.145266;0.001227;0.043400;0.022009;1.136041;1.145266
4.301667;1.145266;0.001227;0.043400;0.022009;1.136041;1.145266
4.311667;1.145266;0.001227;0.043400;0.022009;1.136041;1.145266
4.321667;1.145266;0.001227;0.043400;0.022009;1.136041;1.145266
4.331667;1.145266;0.001227;0.043400;0.022009;1.136041;1.145266
4.341667;1.145266;0.001227;0.043400;0.022009;1.136041;1.145266
4.351667;1.145266;0.001227;0.043400;0.022009;1.136041;1.145266
4.361667;1.145266;0.001227;0.043400;0.022009;1.136041;1.145266
4.371667;1.145266;0.001227;0.043400;0.022009;1.136041;1.145266
4.381667;1.145266;0.001227;0.043400;0.022009;1.136041;1.145266
4.391667;1.145266;0.001227;0.043400;0.022009;1.136041;1.145266
4.401667;1.145266;0.001227;0.043400;0.022009;1.136041;1.145266
4.411667;1.145266;0.001227;0.043400;0.022009;1.136041;1.145266
4.421667;1.145266;0.001227;0.043400;0.022009;1.136041;1.145266
4.431667;1.145266;0.001227;0.043400;0.022009;1.136041;1.145266
4.441667;1.145266;0.001227;0.043400;0.022009;1.136041;1.145266
4.451667;1.145266;0.001227;0.043400;0.022009;1.136041;1.145266
4.461667;1.145266;0.001227;0.043400;0.022009;1.136041;1.145266
4.471667;1.145266;0.001227;0.043400;0.022009;1.136041;1.145266
4.481667;1.145266;0.001227;0.043400;0.022009;1.136041;1.145266
4.491667;1.145266;0.001227;0.043400;0.022009;1.136041;1.145266
4.501667;1.145266;0.001227;0.043400;0.022009;1.136041;1.145266
4.511667;1.145266;0.001227;0.043400;0.022009;1.136041;1.145266
4.521667;1.145266;0.001227;0.043400;0.022009;1.136041;1.145266
4.531667;1.145266;0.001227;0.043400;0.022009;1.136041;1.145266
4.541667;1.145266;0.001227;0.043400;0.022009;1.136041;1.145266
4.551667;1.145266;0.001227;0.043400;0.022009;1.136041;1.145266
4.561667;1.145266;0.001227;0.043400;0.022009;1.136041;1.145266
4.571667;1.145266;0.001227;0.043400;0.022009;1.136041;1.145266
4.581667;1.145266;0.001227;0.043400;0.022009;1.136041;1.145266
4.591667;1.145266;0.001227;0.043400;0.022009;1.136041;1.145266
4.601667;1.145266;0.001227;0.043400;0.022009;1.136041;1.145266
4.611667;1.145266;0.001227;0.043400;0.022009;1.136041;1.145266
4.621667;1.145266;0.001227;0.043400;0.022009;1.136041;1.145266
4.631667;1.145266;0.001227;0.043400;0.022009;1.136041;1.145266
4.641667;1.145266;0.001227;0.043400;0.022009;1.136041;1.145266
4.651667;1.145266;0.001227;0.043400;0.022009;1.136041;1.145266
4.661667;1.145266;0.001227;0.043400;0.022009;1.136041;1.145266
4.671667;1.145266;0.001227;0.043400;0.022009;1.136041;1.145266
4.681667;1.145266;0.001227;0.043400;0.022009;1.136041;1.145266
4.691667;1.145266;0.001227;0.043400;0.022009;1.136041;1.145266
4.701667;1.145266;0.001227;0.043400;0.022009;1.136041;1.145266
4.711667;1.145266;0.001227;0.043400;0.022009;1.136041;1.145266
4.721667;1.145266;0.001227;0.043400;0.022009;1.136041;1.145266
4.731667;1.145266;0.001227;0.043400;0.022009;1.136041;1.145266
4.741667;1.145266;0.001227;0.043400;0.022009;1.136041;1.145266
4.751667;1.145266;0.001227;0.043400;0.022009;1.136041;1.145266
4.761667;1.145266;0.001227;0.043400;0.022009;1.136041;1.145266
4.771667;1.145266;0.001227;0.043400;0.022009;1.136041;1.145266
4.781667;1.145266;0.001227;0.043400;0.022009;1.136041;1.145266
4.791667;1.145266;0.001227;0.043400;0.022009;1.136041;1.145266
4.801667;1.145266;0.001227;0.043400;0.022009;1.136041;1.145266
4.811667;1.145266;0.001227;0.043400;0.022009;1.136041;1.145266
4.821667;1.145266;0.001227;0.043400;0.022009;1.136041;1.145266
4.831667;1.145266;0.001227;0.043400;0.022009;1.136041;1.145266
4.841667;1.145266;0.001227;0.043400;0.022009;1.136041;1.145266
4.851667;1.145266;0.001227;0.043400;0.022009;1.136041;1.145266
4.861667;1.145266;0.001227;0.043400;0.022009;1.136041;1.145266
4.871667;1.145266;0.001227;0.043400;0.022009;1.136041;1.145266
4.881667;1.145266;0.001227;0.043400;0.022009;1.136041;1.145266
4.891667;1.145266;0.001227;0.043400;0.022009;1.136041;1.145266
4.901667;1.145266;0.001227;0.043400;0.022009;1.136041;1.145266
4.911667;1.145266;0.001227;0.043400;0.022009;1.136041;1.145266
4.921667;1.145266;0.001227;0.043400;0.022009;1.136041;1.145266
4.931667;1.145266;0.001227;0.043400;0.022009;1.136041;1.145266
4.941667;1.145266;0.001227;0.043400;0.022009;1.136041;1.145266
4.951667;1.145266;0.001227;0.043400;0.022009;1.136041;1.145266
4.961667;1.145266;0.001227;0.043400;0.022009;1.136041;1.145266
4.971667;1.145266;0.001227;0.043400;0.022009;1.136041;1.145266
4.981667;1.145266;0.001227;0.043400;0.022009;1.136041;1.145266
4.991667;1.145266;0.001227;0.043400;0.022009;1.136041;1.145266
